acl	2.3.1-1	amd64
adduser	3.118ubuntu5	all
apt	2.4.14	amd64
arping	2.22-1	amd64
base-files	12ubuntu4.7	amd64
base-passwd	3.5.52build1	amd64
bash	5.1-6ubuntu1.1	amd64
bash-static	5.1-6ubuntu1.1	amd64
binwalk	2.3.3+dfsg1-2	all
bsdutils	1:2.37.2-4ubuntu3.5	amd64
busybox-static	1:1.30.1-7ubuntu3.1	amd64
ca-certificates	20240203~22.04.1	all
coreutils	8.32-4.1ubuntu1.3	amd64
curl	7.81.0-1ubuntu1.24	amd64
dash	0.5.11+git20210903+057cd650a4ed-3build1	amd64
debconf	1.5.79ubuntu1	all
debianutils	5.5-1ubuntu2	amd64
diffutils	1:3.8-0ubuntu2	amd64
dmsetup	2:1.02.175-2.1ubuntu5	amd64
dpkg	1.21.1ubuntu2.6	amd64
e2fsprogs	1.46.5-2ubuntu1.2	amd64
fakeroot	1.28-1ubuntu1	amd64
fdisk	2.37.2-4ubuntu3.5	amd64
findutils	4.8.0-1ubuntu3	amd64
gcc-12-base:amd64	12.3.0-1ubuntu1~22.04.3	amd64
git	1:2.34.1-1ubuntu1.17	amd64
git-man	1:2.34.1-1ubuntu1.17	all
gpgv	2.2.27-3ubuntu2.5	amd64
grep	3.7-1build1	amd64
gzip	1.10-4ubuntu4.1	amd64
hostname	3.23ubuntu2	amd64
init-system-helpers	1.62	all
iproute2	5.15.0-1ubuntu2.1	amd64
iputils-ping	3:20211215-1ubuntu0.1	amd64
ipxe-qemu	1.21.1+git-20220113.fbbdc3926-0ubuntu1	all
ipxe-qemu-256k-compat-efi-roms	1.0.0+git-20150424.a25a16d-0ubuntu4	all
iso-codes	4.9.0-1	all
kpartx	0.8.8-1ubuntu1.22.04.4	amd64
libacl1:amd64	2.3.1-1	amd64
libaio1:amd64	0.3.112-13build1	amd64
libapt-pkg6.0:amd64	2.4.14	amd64
libasound2-data	1.2.6.1-1ubuntu1.1	all
libasound2:amd64	1.2.6.1-1ubuntu1.1	amd64
libattr1:amd64	1:2.5.1-1build1	amd64
libaudit-common	1:3.0.7-1build1	all
libaudit1:amd64	1:3.0.7-1build1	amd64
libblas3:amd64	3.10.0-2ubuntu1	amd64
libblkid1:amd64	2.37.2-4ubuntu3.5	amd64
libbpf0:amd64	1:0.5.0-1ubuntu22.04.1	amd64
libbrlapi0.8:amd64	6.4-4ubuntu3	amd64
libbrotli1:amd64	1.0.9-2build6	amd64
libbsd0:amd64	0.11.5-1	amd64
libbz2-1.0:amd64	1.0.8-5build1	amd64
libc-bin	2.35-0ubuntu3.13	amd64
libc-dev-bin	2.35-0ubuntu3.13	amd64
libc6-dev:amd64	2.35-0ubuntu3.13	amd64
libc6:amd64	2.35-0ubuntu3.13	amd64
libcacard0:amd64	1:2.8.0-3build2	amd64
libcap-ng0:amd64	0.7.9-2.2build3	amd64
libcap2-bin	1:2.44-1ubuntu0.22.04.3	amd64
libcap2:amd64	1:2.44-1ubuntu0.22.04.3	amd64
libcom-err2:amd64	1.46.5-2ubuntu1.2	amd64
libcrypt-dev:amd64	1:4.4.27-1	amd64
libcrypt1:amd64	1:4.4.27-1	amd64
libcurl3-gnutls:amd64	7.81.0-1ubuntu1.24	amd64
libcurl4:amd64	7.81.0-1ubuntu1.24	amd64
libdaxctl1:amd64	72.1-1	amd64
libdb5.3:amd64	5.3.28+dfsg1-0.8ubuntu3	amd64
libdbus-1-3:amd64	1.12.20-2ubuntu4.1	amd64
libdebconfclient0:amd64	0.261ubuntu1	amd64
libdevmapper1.02.1:amd64	2:1.02.175-2.1ubuntu5	amd64
libdrm-common	2.4.113-2~ubuntu0.22.04.1	all
libdrm2:amd64	2.4.113-2~ubuntu0.22.04.1	amd64
libdw1:amd64	0.186-1ubuntu0.1	amd64
libedit2:amd64	3.1-20210910-1build1	amd64
libelf1:amd64	0.186-1ubuntu0.1	amd64
libepoxy0:amd64	1.5.10-1	amd64
liberror-perl	0.17029-1	all
libexpat1:amd64	2.4.7-1ubuntu0.7	amd64
libext2fs2:amd64	1.46.5-2ubuntu1.2	amd64
libfakeroot:amd64	1.28-1ubuntu1	amd64
libfdisk1:amd64	2.37.2-4ubuntu3.5	amd64
libfdt1:amd64	1.6.1-1	amd64
libffi8:amd64	3.4.2-4	amd64
libfuse2:amd64	2.9.9-5ubuntu3	amd64
libfuse3-3:amd64	3.10.5-1build1	amd64
libgbm1:amd64	23.2.1-1ubuntu3.1~22.04.3	amd64
libgcc-s1:amd64	12.3.0-1ubuntu1~22.04.3	amd64
libgcrypt20:amd64	1.9.4-3ubuntu3	amd64
libgdbm-compat4:amd64	1.23-1	amd64
libgdbm6:amd64	1.23-1	amd64
libglib2.0-0:amd64	2.72.4-0ubuntu2.9	amd64
libgmp10:amd64	2:6.2.1+dfsg-3ubuntu1	amd64
libgnutls30:amd64	3.7.3-4ubuntu1.8	amd64
libgpg-error0:amd64	1.43-3	amd64
libgssapi-krb5-2:amd64	1.19.2-2ubuntu0.7	amd64
libgstreamer-plugins-base1.0-0:amd64	1.20.1-1ubuntu0.6	amd64
libgstreamer1.0-0:amd64	1.20.3-0ubuntu1.1	amd64
libhogweed6:amd64	3.7.3-1build2	amd64
libibverbs1:amd64	39.0-1	amd64
libicu70:amd64	70.1-2	amd64
libidn2-0:amd64	2.3.2-2build1	amd64
libiniparser1:amd64	4.1-4ubuntu4.2	amd64
libjpeg-turbo8:amd64	2.1.2-0ubuntu1	amd64
libjpeg8:amd64	8c-2ubuntu10	amd64
libjson-perl	4.04000-1	all
libk5crypto3:amd64	1.19.2-2ubuntu0.7	amd64
libkeyutils1:amd64	1.6.1-2ubuntu3	amd64
libkmod2:amd64	29-1ubuntu1.1	amd64
libkrb5-3:amd64	1.19.2-2ubuntu0.7	amd64
libkrb5support0:amd64	1.19.2-2ubuntu0.7	amd64
libldap-2.5-0:amd64	2.5.20+dfsg-0ubuntu0.22.04.1	amd64
liblinear4:amd64	2.3.0+dfsg-5	amd64
libllvm14:amd64	1:14.0.0-1ubuntu1.1	amd64
liblua5.3-0:amd64	5.3.6-1build1	amd64
liblz4-1:amd64	1.9.3-2build2	amd64
liblzma-dev:amd64	5.2.5-2ubuntu1.1	amd64
liblzma5:amd64	5.2.5-2ubuntu1.1	amd64
liblzo2-2:amd64	2.10-2build3	amd64
liblzo2-dev:amd64	2.10-2build3	amd64
libmagic-mgc	1:5.41-3ubuntu0.1	amd64
libmagic1:amd64	1:5.41-3ubuntu0.1	amd64
libmd0:amd64	1.0.4-1build1	amd64
libmnl0:amd64	1.0.4-3build2	amd64
libmount1:amd64	2.37.2-4ubuntu3.5	amd64
libmpdec3:amd64	2.5.1-2build2	amd64
libncurses6:amd64	6.3-2ubuntu0.1	amd64
libncursesw6:amd64	6.3-2ubuntu0.1	amd64
libndctl6:amd64	72.1-1	amd64
libnet1:amd64	1.1.6+dfsg-3.1build3	amd64
libnettle8:amd64	3.7.3-1build2	amd64
libnghttp2-14:amd64	1.43.0-1ubuntu0.3	amd64
libnl-3-200:amd64	3.5.0-0.1	amd64
libnl-route-3-200:amd64	3.5.0-0.1	amd64
libnsl-dev:amd64	1.3.0-2build2	amd64
libnsl2:amd64	1.3.0-2build2	amd64
libnspr4:amd64	2:4.35-0ubuntu0.22.04.1	amd64
libnss3:amd64	2:3.98-0ubuntu0.22.04.3	amd64
libnuma1:amd64	2.0.14-3ubuntu2	amd64
libopus0:amd64	1.3.1-0.1build2	amd64
liborc-0.4-0:amd64	1:0.4.32-2ubuntu0.1	amd64
libp11-kit0:amd64	0.24.0-6build1	amd64
libpam-modules-bin	1.4.0-11ubuntu2.6	amd64
libpam-modules:amd64	1.4.0-11ubuntu2.6	amd64
libpam-runtime	1.4.0-11ubuntu2.6	all
libpam0g:amd64	1.4.0-11ubuntu2.6	amd64
libpcap0.8:amd64	1.10.1-4ubuntu1.22.04.1	amd64
libpci3:amd64	1:3.7.0-6	amd64
libpcre2-8-0:amd64	10.39-3ubuntu0.1	amd64
libpcre3:amd64	2:8.39-13ubuntu0.22.04.1	amd64
libpcsclite1:amd64	1.9.5-3ubuntu1	amd64
libperl5.34:amd64	5.34.0-3ubuntu1.5	amd64
libpixman-1-0:amd64	0.40.0-1ubuntu0.22.04.1	amd64
libpmem1:amd64	1.11.1-3build1	amd64
libpng16-16:amd64	1.6.37-3ubuntu0.5	amd64
libpq5:amd64	14.23-0ubuntu0.22.04.1	amd64
libprocps8:amd64	2:3.3.17-6ubuntu2.1	amd64
libpsl5:amd64	0.21.0-1.2build2	amd64
libpython3-stdlib:amd64	3.10.6-1~22.04.1	amd64
libpython3.10-minimal:amd64	3.10.12-1~22.04.15	amd64
libpython3.10-stdlib:amd64	3.10.12-1~22.04.15	amd64
librdmacm1:amd64	39.0-1	amd64
libreadline8:amd64	8.1.2-1	amd64
librtmp1:amd64	2.4+20151223.gitfa8646d.1-2build4	amd64
libsasl2-2:amd64	2.1.27+dfsg2-3ubuntu1.2	amd64
libsasl2-modules-db:amd64	2.1.27+dfsg2-3ubuntu1.2	amd64
libseccomp2:amd64	2.5.3-2ubuntu3~22.04.1	amd64
libselinux1:amd64	3.3-1build2	amd64
libsemanage-common	3.3-1build2	all
libsemanage2:amd64	3.3-1build2	amd64
libsensors-config	1:3.6.0-7ubuntu1	all
libsensors5:amd64	1:3.6.0-7ubuntu1	amd64
libsepol2:amd64	3.3-1build1	amd64
libslirp0:amd64	4.6.1-1build1	amd64
libsmartcols1:amd64	2.37.2-4ubuntu3.5	amd64
libsnmp-base	5.9.1+dfsg-1ubuntu2.9	all
libsnmp40:amd64	5.9.1+dfsg-1ubuntu2.9	amd64
libspice-server1:amd64	0.15.0-2ubuntu4	amd64
libsqlite3-0:amd64	3.37.2-2ubuntu0.5	amd64
libss2:amd64	1.46.5-2ubuntu1.2	amd64
libssh-4:amd64	0.9.6-2ubuntu0.22.04.7	amd64
libssl3:amd64	3.0.2-0ubuntu1.23	amd64
libstdc++6:amd64	12.3.0-1ubuntu1~22.04.3	amd64
libsystemd0:amd64	249.11-0ubuntu3.20	amd64
libtasn1-6:amd64	4.18.0-4ubuntu0.2	amd64
libtinfo6:amd64	6.3-2ubuntu0.1	amd64
libtirpc-common	1.3.2-2ubuntu0.1	all
libtirpc-dev:amd64	1.3.2-2ubuntu0.1	amd64
libtirpc3:amd64	1.3.2-2ubuntu0.1	amd64
libudev1:amd64	249.11-0ubuntu3.21	amd64
libunistring2:amd64	1.0-1	amd64
libunwind8:amd64	1.3.2-2build2.1	amd64
liburing2:amd64	2.1-2build1	amd64
libusb-1.0-0:amd64	2:1.0.25-1ubuntu2	amd64
libusbredirparser1:amd64	0.11.0-2build1	amd64
libuuid1:amd64	2.37.2-4ubuntu3.5	amd64
libwayland-server0:amd64	1.20.0-1ubuntu0.1	amd64
libwrap0:amd64	7.6.q-31build2	amd64
libxau6:amd64	1:1.0.9-1build5	amd64
libxcb-randr0:amd64	1.14-3ubuntu3	amd64
libxcb1:amd64	1.14-3ubuntu3	amd64
libxdmcp6:amd64	1:1.1.3-0ubuntu5	amd64
libxml2:amd64	2.9.13+dfsg-1ubuntu0.11	amd64
libxslt1.1:amd64	1.1.34-4ubuntu0.22.04.5	amd64
libxtables12:amd64	1.8.7-1ubuntu5.2	amd64
libxxhash0:amd64	0.8.1-1	amd64
libzstd1:amd64	1.4.8+dfsg-3build1	amd64
linux-libc-dev:amd64	5.15.0-181.191	amd64
locales	2.35-0ubuntu3.13	all
login	1:4.8.1-2ubuntu2.2	amd64
logsave	1.46.5-2ubuntu1.2	amd64
lsb-base	11.1.0ubuntu4	all
lua-lpeg:amd64	1.0.2-1	amd64
mawk	1.3.4.20200120-3	amd64
media-types	7.0.0	all
mount	2.37.2-4ubuntu3.5	amd64
mtd-utils	1:2.1.4-1	amd64
ncurses-base	6.3-2ubuntu0.1	all
ncurses-bin	6.3-2ubuntu0.1	amd64
net-tools	1.60+git20181103.0eebece-1ubuntu5.4	amd64
netbase	6.3	all
netcat-openbsd	1.218-4ubuntu1	amd64
nmap	7.91+dfsg1+really7.80+dfsg1-2ubuntu0.1	amd64
nmap-common	7.91+dfsg1+really7.80+dfsg1-2ubuntu0.1	all
openssl	3.0.2-0ubuntu1.25	amd64
p7zip	16.02+dfsg-8	amd64
p7zip-full	16.02+dfsg-8	amd64
passwd	1:4.8.1-2ubuntu2.2	amd64
pci.ids	0.0~2022.01.22-1ubuntu0.1	all
perl	5.34.0-3ubuntu1.5	amd64
perl-base	5.34.0-3ubuntu1.5	amd64
perl-modules-5.34	5.34.0-3ubuntu1.5	all
postgresql	14+238	all
postgresql-14	14.23-0ubuntu0.22.04.1	amd64
postgresql-client	14+238	all
postgresql-client-14	14.23-0ubuntu0.22.04.1	amd64
postgresql-client-common	238	all
postgresql-common	238	all
procps	2:3.3.17-6ubuntu2.1	amd64
python3	3.10.6-1~22.04.1	amd64
python3-binwalk	2.3.3+dfsg1-2	all
python3-distutils	3.10.8-1~22.04	all
python3-lib2to3	3.10.8-1~22.04	all
python3-magic	2:0.4.24-2	all
python3-minimal	3.10.6-1~22.04.1	amd64
python3-pip	22.0.2+dfsg-1ubuntu0.7	all
python3-pkg-resources	59.6.0-1.2ubuntu0.22.04.3	all
python3-psycopg2	2.9.2-1build2	amd64
python3-setuptools	59.6.0-1.2ubuntu0.22.04.3	all
python3-wheel	0.37.1-2ubuntu0.22.04.1	all
python3.10	3.10.12-1~22.04.15	amd64
python3.10-minimal	3.10.12-1~22.04.15	amd64
qemu-system-arm	1:6.2+dfsg-2ubuntu6.30	amd64
qemu-system-common	1:6.2+dfsg-2ubuntu6.30	amd64
qemu-system-data	1:6.2+dfsg-2ubuntu6.30	all
qemu-system-mips	1:6.2+dfsg-2ubuntu6.30	amd64
qemu-system-x86	1:6.2+dfsg-2ubuntu6.30	amd64
qemu-utils	1:6.2+dfsg-2ubuntu6.30	amd64
readline-common	8.1.2-1	all
rpcsvc-proto	1.4.2-0ubuntu6	amd64
seabios	1.15.0-1	all
sed	4.8-1ubuntu2.1	amd64
sensible-utils	0.0.17	all
snmp	5.9.1+dfsg-1ubuntu2.9	amd64
squashfs-tools	1:4.5-3build1	amd64
ssl-cert	1.1.2	all
sudo	1.9.9-1ubuntu2.6	amd64
sysvinit-utils	3.01-1ubuntu1	amd64
tar	1.34+dfsg-1ubuntu0.1.22.04.2	amd64
tzdata	2026a-0ubuntu0.22.04.1	all
ubuntu-keyring	2021.03.26	all
ucf	3.0043	all
udev	249.11-0ubuntu3.21	amd64
uml-utilities	20070815.4-1	amd64
unzip	6.0-26ubuntu3.2	amd64
usrmerge	25ubuntu2	all
util-linux	2.37.2-4ubuntu3.5	amd64
vlan	2.0.5ubuntu5	all
wget	1.21.2-2ubuntu1.1	amd64
zlib1g-dev:amd64	1:1.2.11.dfsg-2ubuntu9.2	amd64
zlib1g:amd64	1:1.2.11.dfsg-2ubuntu9.2	amd64
